{"count":1,"self":8.4319759999999988,"total":35.0158195,"children":{"InitializeActuators":{"count":17,"self":0.0035407999999999998,"total":0.0035407999999999998,"children":null},"InitializeSensors":{"count":17,"self":0.0010389,"total":0.0010389,"children":null},"AgentSendState":{"count":1334,"self":0.0221954,"total":0.5059641,"children":{"CollectObservations":{"count":1334,"self":0.0030559,"total":0.0030559,"children":null},"WriteActionMask":{"count":1334,"self":0.0065972,"total":0.0065972,"children":null},"RequestDecision":{"count":1334,"self":0.039854299999999995,"total":0.47411559999999997,"children":{"AgentInfo.ToProto":{"count":1334,"self":0.027184899999999998,"total":0.43426129999999996,"children":{"GenerateSensorData":{"count":1334,"self":0.4070764,"total":0.4070764,"children":null}}}}}}},"DecideAction":{"count":1334,"self":7.1285343999999995,"total":7.1285343999999995,"children":null},"AgentAct":{"count":1334,"self":18.9259824,"total":18.9259831,"children":null},"AgentInfo.ToProto":{"count":33,"self":0,"total":0.017766999999999998,"children":{"GenerateSensorData":{"count":33,"self":0.017766999999999998,"total":0.017766999999999998,"children":null}}}},"gauges":{"GhostBehavior.CumulativeReward":{"count":17,"max":-992.7,"min":-999.6,"runningAverage":-993.358765,"value":-993.1,"weightedAverage":-993.0141}},"metadata":{"timer_format_version":"0.1.0","start_time_seconds":"1735559329","unity_version":"6000.0.32f1","command_line_arguments":"C:\\Program Files\\Unity\\Hub\\Editor\\6000.0.32f1\\Editor\\Unity.exe -projectpath C:\\Users\\piter\\Documents\\UnityProjects\\MLAgents2DGame -useHub -hubIPC -cloudEnvironment production","communication_protocol_version":"1.5.0","com.unity.ml-agents_version":"3.0.0","scene_name":"SampleScene","end_time_seconds":"1735559364"}}